{
    "eval_accuracy": 67.39811912225704,
    "eval_average_metrics": 67.39811912225704,
    "eval_loss": 0.3204241394996643,
    "eval_runtime": 2.3346,
    "eval_samples_per_second": 136.639,
    "test_accuracy": 67.39811912225704,
    "test_average_metrics": 67.39811912225704,
    "test_loss": 0.291700154542923,
    "test_runtime": 2.1993,
    "test_samples_per_second": 145.049
}