{
    "epoch": 20.0,
    "eval_accuracy": 50.0,
    "eval_average_metrics": 50.0,
    "eval_loss": 0.2697841227054596,
    "eval_runtime": 0.5545,
    "eval_samples_per_second": 93.778,
    "test_accuracy": 55.769230769230774,
    "test_average_metrics": 55.769230769230774,
    "test_loss": 0.25774967670440674,
    "test_runtime": 0.5054,
    "test_samples_per_second": 102.884,
    "train_loss": 0.49050784640842016,
    "train_runtime": 144.9668,
    "train_samples": 554,
    "train_samples_per_second": 76.431,
    "train_steps_per_second": 2.483
}