{
    "eval_accuracy": 54.0,
    "eval_average_metrics": 54.0,
    "eval_loss": 0.36026695370674133,
    "eval_runtime": 0.4572,
    "eval_samples_per_second": 109.356,
    "test_accuracy": 52.0,
    "test_average_metrics": 52.0,
    "test_loss": 0.29084545373916626,
    "test_runtime": 0.4239,
    "test_samples_per_second": 117.961
}